{
    "criteria": {
        "hero_timeover": {
            "trigger": "minecraft:effects_changed",
            "conditions": {
                "effects": {
                    "minecraft:hero_of_the_village": {
                        "duration": 1
                    }
                }
            }
        }
    },
    "display": {
        "icon": {
            "item": "minecraft:purple_dye"
        },
        "title": "【跳板】冷却完成",
        "description": "技能冷却提示",
        "show_toast": true,
        "frame": "task",
        "announce_to_chat": false,
        "hidden": false
    },
    "rewards": {
        "function": "careerpvp:advancements/jumppad_ok"
    }
}