{
    "criteria": {
        "unluck_timeover": {
            "trigger": "minecraft:effects_changed",
            "conditions": {
                "effects": {
                    "minecraft:unluck": {
                        "duration": 1
                    }
                }
            }
        }
    },
    "display": {
        "icon": {
            "item": "minecraft:red_dye"
        },
        "title": "【右键】技能冷却完成",
        "description": "技能冷却提示",
        "show_toast": true,
        "frame": "task",
        "announce_to_chat": false,
        "hidden": false
    },
    "rewards": {
        "function": "careerpvp:advancements/right_ok"
    }
}